{"loss": 8.523328870069236e-05, "_step": 99, "_runtime": 84.8450677394867, "_timestamp": 1592171543.0090957, "val_loss": 0.0025833430190687068}
