{"_step": 113, "loss": 0.006153686437755823, "_runtime": 49.16350436210632, "_timestamp": 1593902484.4039311, "val_loss": 0.011538667604327202}
