{"_step": 1, "_timestamp": 1592264537.0514903, "_runtime": 83.51389622688293, "loss": 0.001387041062116623, "val_loss": 0.0051564909517765045}
