{"_step": 5099, "_timestamp": 1592274479.920875, "_runtime": 3723.015426158905, "loss": 0.0004615609650500119, "val_loss": 0.013303153216838837}
