{"_step": 305, "_runtime": 211.73351168632507, "_timestamp": 1592330086.0092487, "loss": 0.0010779370786622167, "val_loss": 0.0007450206903740764}
