{"_step": 77, "_timestamp": 1592261948.5282037, "_runtime": 97.6317298412323, "loss": 9.036712435772642e-05, "val_loss": 0.0025157749114441685}
