{"loss": 9.176539606414735e-05, "_step": 99, "_runtime": 81.09628391265869, "_timestamp": 1592172014.9775276, "val_loss": 0.002758397633442655}
