{"_step": 8, "_runtime": 57.298685789108276, "loss": 0.0007622672710567713, "_timestamp": 1592791484.6144261, "val_loss": 0.0017958460957743227}
