{"_step": 99, "loss": 0.0005171963130123913, "_runtime": 43.07289004325867, "_timestamp": 1593898105.1563895, "val_loss": 0.0006867551128380001}
