{"_step": 126, "_runtime": 90.26428461074829, "_timestamp": 1592329862.2420404, "loss": 0.025427356362342834, "val_loss": 0.03334381431341171}
