{"_step": 799, "loss": 0.0004560470988508314, "_runtime": 316.5026843547821, "_timestamp": 1593898478.2518418, "val_loss": 0.0017615532269701362}
