{"_step": 31, "loss": 0.0005210687522776425, "_runtime": 19.56220769882202, "_timestamp": 1593898003.4852176, "val_loss": 0.0010257790272589773}
