{"_step": 99, "_timestamp": 1592260890.3006494, "_runtime": 82.98614645004272, "loss": 5.360279101296328e-05, "val_loss": 0.00040563163383922074}
