{"loss": 0.0002862297696992755, "_step": 236, "_runtime": 131.06261825561523, "_timestamp": 1592171003.141828, "val_loss": 0.00027023148140870035, "loss_": 0.00020676908025052398}
