{"_step": 199, "_runtime": 106.83371877670288, "loss": 6.4147880038945004e-06, "_timestamp": 1592791935.1252723, "val_loss": 1.9835008970403578e-05}
