{"_step": 59, "_runtime": 38.78198289871216, "loss": 0.00014782516518607736, "_timestamp": 1592791544.8263595, "val_loss": 0.0003174457378918305}
