{"_step": 999, "loss": 0.0008925918955355883, "_runtime": 495.63935232162476, "_timestamp": 1593903008.5976079, "val_loss": 0.0015600030310451984}
