{"_step": 299, "loss": 0.001129387179389596, "_runtime": 148.8151330947876, "_timestamp": 1593901326.2547865, "val_loss": 0.005535764154046774}
