{"_step": 99, "_timestamp": 1592259998.513143, "_runtime": 148.08026814460754, "loss": 8.08111799415201e-05, "val_loss": 0.0003444811245572055}
