{"_step": 11, "loss": 0.0020419128704816103, "_runtime": 105.1550087928772, "_timestamp": 1593897943.2928057, "val_loss": 0.0031761364080011845}
