{"_step": 13, "loss": 0.01466966513544321, "_runtime": 250.55439448356628, "_timestamp": 1593900211.2833107, "val_loss": 0.012602413073182106}
