{"_step": 1019, "_timestamp": 1592268733.775978, "_runtime": 521.7605454921722, "loss": 0.0004692685906775296, "val_loss": 0.0006870477227494121}
