{"loss": 7.886630919529125e-05, "_step": 59, "_runtime": 47.57503533363342, "_timestamp": 1592172143.6947286, "val_loss": 0.002849292053724639}
