{"_step": 299, "loss": 0.00041074599721468985, "_runtime": 137.3139307498932, "_timestamp": 1593900381.448432, "val_loss": 0.011779460910474882}
