{"_step": 99, "_runtime": 122.21191310882568, "_timestamp": 1592328655.5593002, "loss": 0.00012418515689205378, "val_loss": 0.0051694125577341765}
