{"_step": 17, "_timestamp": 1592261819.9113894, "_runtime": 19.162657022476196, "loss": 0.029039651155471802, "val_loss": 0.34650144539773464}
