{"_step": 33, "_timestamp": 1592260669.098912, "_runtime": 64.94142174720764, "loss": 2.3289133821435826e-07, "val_loss": 4.003083464709789e-07}
