{"_step": 13, "loss": 0.002470884472131729, "_runtime": 12.226751804351807, "_timestamp": 1593902177.676657, "val_loss": 0.006220153998583555}
