{"_step": 99, "_timestamp": 1592261431.570354, "_runtime": 120.0972089767456, "loss": 4.35074616689235e-05, "val_loss": 0.0002932887800852768}
