{"_step": 299, "loss": 0.030343377962708473, "_runtime": 161.681316614151, "_timestamp": 1593901000.4573522, "val_loss": 0.018106439150869846}
