{"_step": 282, "_runtime": 189.7226779460907, "_timestamp": 1592329632.7249138, "loss": 0.0008716393494978547, "val_loss": 0.0012772997142747045}
