{"_step": 25, "_runtime": 20.41587734222412, "loss": 0.0002872633922379464, "_timestamp": 1592791745.070608, "val_loss": 0.0006070227536838502}
