{"_step": 59, "_runtime": 35.27963399887085, "loss": 4.1313611291116104e-05, "_timestamp": 1592791811.9629548, "val_loss": 9.756324288900942e-05}
