{"_step": 31, "_timestamp": 1592270440.4256587, "_runtime": 302.3087615966797, "loss": 0.0008545578457415104, "val_loss": 0.0010597917716950178}
