{"_step": 156, "_runtime": 107.67960810661316, "_timestamp": 1592329758.8886764, "loss": 0.0009001392754726112, "val_loss": 0.0012772997142747045}
