{"_step": 299, "loss": 0.001115308958105743, "_runtime": 143.77037644386292, "_timestamp": 1593902340.7850902, "val_loss": 0.04108749143779278}
