{"_step": 3, "_timestamp": 1592268029.2479374, "_runtime": 196.24505257606504, "loss": 0.294492244720459, "val_loss": 0.2410457767546177}
